comment,label
谢泼德虽然有9失误，但有一半是队友接不住球导致的，这队友一个比一个抽象,0.5
火箭探花谢泼德本场比赛出战33分钟，17投9中，三分5中0拿到20分5篮板7助攻。本场比赛谢泼德开场7投1中，此后10投8中，两分球12中9。,0.5
加油啊,1.0
调整能力挺好的,1.0
尤其是3号 是不是丹特 基本就是黄油手，防守篮板球都不会卡位，难怪落选，还有个后卫51号 ,0.0
防守这块来到NBA我估计会被突穿,0.5
最有说服力的就是直接上你说的最少四个的动图,0.5
看了球，至少四个球被人直接断走,0.5
继续努力，用脑子打球,0.0
都不看了，直接快进季前赛,0.0
今天比赛，证明谢泼德在坦克型后面面前比较吃亏，不过下半场他自我调整之后好多了，最终又砍下20分，中投和抢断这个基本盘也很稳，其他的继续学习和提高吧。,1.0
谢泼德需要身边有个得分强点，或者会挡拆的队友,0.5
挡拆都不会挡,0.0
这队友也无敌了,0.0
对面针对他上强度，有点挣扎,0.5
格里芬看着好大，像小贾伦杰克逊一样,0.5
这梳理进攻超出预期,0.5
在这个运球水平下能拿下7个助攻，说明他的视野和手活真的不错,1.0
这帮队友除了奥罗哪有什么防守？,0.0
好多球迷就是一傻子，看着谢泼德命中率高了就说完全顶替格林。要把格林换出去，却不知道在一个球队是要五个人，是要强点越多牵制力就越多，打得越轻松。不然就会死掐你一个点。那就叫双拳不敌四手。强如库里如果给他配的不是汤普森的话敢让命中率低的格林上首发吗?所以以后火箭队会经常会看到谢泼德格林阿门惠特摩尔和史密斯这样的极致阵容小个。往季格林也是经常碰到今天谢泼德的情况，双拳不敌四手，就死掐你一个点。其余的怎么都搞不进球。在一个队强点越多命中率会越高，强点越少，球星命中率就越小。这是不变的规律，再说早年的雷霆三少。当史有杜兰特的时候命中率能看吗，当有了威斯布鲁克后命中率就上来了。当有了哈登后命中率是不是就高高了。,0.5
让人家面断。。。,0.5
他防守好差啊,0.0
其实不太关注威少三分开没开，只要保持住这个突破水准和篮下终结效率。那么可以说快船终于等来最重要的那把小刀。这小刀捅屁股的事，不管哪个队都会觉得难受的。,1.0
威少多年老球迷了，我是真心喜欢海兰德这小伙子。简直就是个小威少！,1.0
海兰德跟神龟的貌似很来电啊,0.5
对比一下席梦思就知道威少内心的强大,1.0
15个赛季了，你还能跑能跳，真替你开心。,1.0
海鳗组合天天跟着威少爆金币呢,0.5
如果威少能在快船把海兰德带出来就太好了,1.0
威少来快船后教会了海兰德和曼很多东西，他的精神引领也是对球队的一种贡献,1.0
威少简直就像是海兰德 曼恩的精神导师,1.0
席梦思直接重开了,1.0
我的角色变了，但心态没变,1.0
年轻人还在学习成长，威少也乐于分享和帮助，未来可期！,1.0
曼和海一起带，3年必成大器,1.0
我现在只希望威少在快船能干出一番大事来，乔治好好养伤，季后赛干就完了！,1.0
硬实,1.0
他可是敢出手绝杀的，绝杀榜排前三的男人，心理素质不用质疑,1.0
吾辈楷模,1.0
有些人说威少来快船这俩不开心。,0.5
4000万合同是人家雷霆开的，人也是湖人交易过来的，威少在湖人被侮辱成那样了，詹的球迷却还是不放过，也不知道威少是因为谁做出的让步，就见不到别人好呗,0.0
曼恩也是,0.5
离开了那个鬼地方真是开心,1.0
因为觉得威少来缩减了曼的时间，其实看曼还是非常高兴的，快船氛围不错,1.0
曼恩也很喜欢,1.0
骂的就是你这种人,0.0
曼的发展方向应该不太一样的，按照别的老哥说的，曼恩发现方向应该是霍勒迪我觉得非常靠谱。威少确实可以带一带海兰德，但是激情是这两个小伙子都可以学习的东西,1.0
确实，一开始我还觉得海兰德有点独，但是泡椒受伤后发现这小伙子打球也是激情满满，满场奔袭，和龟龟有点像，与龟配合的也不错，关键是真能进球啊，挺喜欢这小伙子的,1.0
谦虚成熟，这人干什么都能有成就，加油,1.0
狠狠跟着老头爆金币就完事了,0.5
海鳗龟组合 最有活力了,1.0
当少爷的投篮奏效时，敌人不再萎缩在篮下，刺刀就会展现,1.0
饺子真香！,1.0
雀氏 ，每当把自己代入到那种全世界都在质疑，诋毁，谩骂的情况下，真的容易崩溃。但是把自己代入到威少的收入情况下，我又想，特么的上个锤子网，看个锤子论坛。。哈哈哈哈哈 ,1.0
当初在湖区给威少说话被好几百，威少最近打得好，我也很开心啊,1.0
在湖人心态变化很大，回快船重新找回自信,1.0
所以他是真·猛男啊,1.0
这种关键时刻字母哥完全没有支配球权的能力,0.5
关键时刻都是那个男人在打，字母看着,0.5
上来就是巴特勒连拿8分,1.0
马修斯投完三分，我都感觉热火悬了，结果吉米仔蹭蹭蹭连拿八分给我看晕了,1.0
糙哥就是糙哥 没投篮是硬伤,0.5
这个空接是真他妈逆天，身子都在空中平躺着了，这核心力量得多变态,1.0
奥尼尔没有、邓肯没有、贾巴尔也没有，关键时刻本就不是内线球员的时刻，因为他们的球权需要外线去支配。哪怕字母已经是常规时间有极强持球、处理球能力了，但是面对关键时刻的防守，靠自己打不出优质的出手空间很正常。用关键时刻质疑内线球员的同时不应该忽略球队给内线喂球或创造空间的能力。,0.5
这是热火最后的赢球阵容，巴特勒+4 落选秀,1.0
巴特勒真的狠角色,1.0
罚球能罚进也赢了,1.0
是的，内线球员致命伤就在这点，最后时刻不会给你舒服去低位接球的机会，接到球也会立马包夹逼你出球，即使是像字母这样的持球能力面对收缩也无能为力，而外线球员处理球就更加灵活了，因为这点贬低字母只能说球还是看少了，字母已经很强了，无奈那年雄鹿缺少稳定第二得分点，米德尔顿因为伤病下滑了，所以上赛季雄鹿痛定思痛放弃了后场防守也要把利拉德搞来,0.5
最后绝平直接全宿舍嚎叫,1.0
相反德巴支配球就很合理,1.0
给霍勒迪打自闭了,0.5
最后一攻实在是没看懂，没人敢承担责任了,0.0
这两个解说像买了雄鹿一样 糖的发昏,0.0
到最后字母哥都不敢触球进攻了，这就是没篮球星的弊端，不得不说jb真的厉害呀，带着这些队友屡次创造奇迹，换别的球星可能早跑路了,0.5
最后没暂停了么,0.5
最后一球，甚至没时间投出去,0.5
没投射,0.0
文森特功臣啊,1.0
巴特勒太帅啦！！,1.0
不垫脚是这样的,0.0
远远高人一等。其实当年76人不选我科选ai还是能理解，剩下的高位签球队就不太好理解了。虽然是高中生，但明显实力不俗啊。还好logo有胆识。,0.5
第一个球，隔扣，就看高潮了。这表现，有好身体，有防守，有篮板，有急停跳投，还有人群中干拔,1.0
16岁都比现在很多NBA球员抢一个档次,1.0
波士顿不选我是真不理解，六号签都不敢赌也是没谁了,0.0
这哥们一看就是老球迷，当年确实有这些小故事。我了解的没有这么详细，但是篮网和科比闹掰了这事我确实知道。你既然质疑他，那说说你了解的信息？,0.5
你站在经理的角度想，你就明白了。96届新秀有个“超级六人组”，也就是有6个拥有顶级潜力的新秀，也就是实际上选秀的前6顺位。凯尔特人的6号签是交易来的，他们的目的就是得到超级六人组中的其中一个，谁掉到第6他们就选谁。96年的前6是不可能再往下掉的，这6个人在全美闻名，他们的潜力是所有球队的球探和经理公认的。96年在选秀前就被称作超级大年，就是因为超级六人组。作为拥有前6签位的经理，你在超级六人组里选任意一个，就算这个人再水，那经理也没锅，因为整个美国都说这6个人牛。但如果放掉超级六人组，去选科比。那么只要科比比不过被放掉的那个人，总经理必下课。简单来说就是：选超级六人组，总经理不需要承担任何压力与风险，但用前6顺位选科比，那总经理一个人需要承担全部风险。,0.5
这还是得结合当时的环境来看，76人在95年刚弄来了90年内线状元科尔曼，96年目标就在成名已久外线艾弗森和马布里这两人身上，最终选了艾弗森，坎比是当时大学仅次于邓肯的内线，拉希姆在大一就以新人身份入选十大最佳球员，雷阿伦大学全美最佳阵容，沃克ncaa冠军核心。 这6人已经打出名气且有即战力，当时选秀前六位没有意外就已经被这大学6人组定了。但是6号签的凯尔特人在试训科比后动摇了，可是科比没经历过大学，他们目前最需要的是立即能坐稳球队主力的即战力，而不是一个还没在大学证明过自己且有风险的高中生后卫。但是准备在15位再拿科比，既能选到这6人的任意一个，还能拿到没人重视的科比，如果用6位选科比，那么在15位就不可能选到大学6人组的任意一个了，不得不说绿军这个策略在当时看非常正确，只可惜半路杀出韦斯特在13位给截胡了。,0.5
杀人诛心,0.5
你必须介绍一下，斯塔克豪斯巅峰也是NBA明星级别的得分手，曾经做到单赛季场均30+，不然就以现在这些球迷的看球年龄，分分钟不知道他是谁,0.5
没上过小学，看不懂汉字？96届有6个超级新秀，凯尔特人的6号签是交易来的，目的就是为了选这6个人其中一个。如果要选科比，凯尔特人根本就不会去交易得到6号签。所以你说的凯尔特人6号签选科比，是绝对不可能发生的事，根本不存在愿不愿意赌。要选科比，凯尔特人就没有6号签。正是因为决定了不选科比，凯尔特人才拥有了6号签。,0.0
好像在科比之前，高中生高顺位进nba的只有内线。,0.5
第一球，我还说一个人运半天也不传球。。。当时可能技术还不成熟，结果突然一个加速隔扣。。,0.5
这都听不懂，跟我们国企领导一样，稳稳的过度总好过豪赌么,0.0
事实上96年前六基本上可以说一个都没水，当年经理人的眼光基本没有大问题。,1.0
你看书也只看扉页吗？（那个字读fei）,0.0
那你来说你知道的事实和消息源啊。,0.0
他之前整个历史只有6个高中生进入NBA，其中能打出名堂的只有摩西马龙（非选秀），雨人坎普，凯文加内特,0.5
这腰身，瞎眼可见的历史级水平。以及，爱防守 爱对抗，这属性也是天生的。,0.0
这又洗什么了？本来就是干净的你告诉我洗什么了？,0.0
第二个图看了不说100遍，也有80遍了，但是确实看一次笑一次，你到底是要传球还是上篮啊？这个球就在我面前，我拿还是不拿啊？,0.0
科比参选的时候身材作为后卫其实身高，站立摸高，弹跳这种硬指标已经非常达标甚至优秀了了，只是体重力量还不够。,1.0
重点要不是湖人要求黄蜂选科比，黄蜂压根不会考虑科比,0.5
你看它id，还指望它能了解什么,0.0
只怪科比后续太逆天！13号顺位打出这种成就,1.0
他在反驳你说的二十年无冠，别换话题,0.0
讲道理，高中场均33分的数据，到大学差不了，而且还只刚满18岁，潜力空间太大了，实在不懂不选的理由。,0.5
那可是高中打爆斯塔克豪斯的男人。,1.0
转移话题有一手啊,0.0
"那时候选高中生是一场赌博,身体素质没有完全起来,以后要是起不来就废了,你看小李在高中飞天遁地的,后面这个身体素质不涨了,就没用了",0.5
科比是第一个高中生后卫乐透秀，此前都是高中生内线乐透秀，没有这个先例就没有麦迪的乐透，没有KG、科比、麦迪这些成功先例，詹姆斯就不可能当状元。那个时代，连科比这种瞎眼可见的天赋爆表，都只能13顺位，可想而知高中生选秀多么可怜,0.5
不是，这段话我寻思也不难理解啊,0.0
核心还是因为当时球探系统没现在这么发达，科比真是那种第一眼看到就知道能打出来的逸才。但当时高中生球员比赛看的人都不多，试训也不是每家都去试训,0.5
加内特肯定不算，因为96年选秀的时候，他没参考价值,0.5
不难理解吧？,0.0
logo应该是最强的篮球人，，，球员强 当教练强  当管理层也强,1.0
洗啥了？你就急了,0.0
懂哥你来了,0.0
我就是想说身体素质单薄这点，这是很多优秀高中生上大学之后光速陨落的通病,0.5
毕竟是高中生，还是个后卫，不开天眼的情况下这顺位已经算高了,1.0
这几张背打有点精彩,1.0
夏季联赛穿着魔术师亲自指定的32号球衣，没两把刷子可撑不起这个背号,1.0
降维打击,1.0
第一个那个拉杆真有纵云梯的感觉,1.0
感觉科比夏季联赛的运球已经强过慕斯了啊,1.0
后两点很重要，高中生没人敢选就是因为后两点，一但你肌肉挂不上去，或者挂上去了就影响原本的动态天赋，那就很致命了,0.5
他们说布朗尼夏季联赛水平和科比差不多，科比夏季联赛也不行。我记得科比还和中国队打过一场热身赛，要不让布朗尼来碰一碰？,0.5
我天，蒂格竟然说不如乔治丝滑，眼睛长哪了,0.0
微笑刺客说j博士 魔术师 伯德他们打球从不抱怨，互相鼓励对抗，但是乔丹有体毛哨护身，都不敢防守他。有没有老球迷科普一下，刺客这是嫉妒还是有所依据？乔丹当真碰不得吗？,0.5
要不是我们都看了比赛。。,0.5
要不是我真看过活塞红牛那几年季后赛录像我就信了，你管活塞当时对丹子那些动作叫“碰”？那现在比赛百分之九十九的犯规都吹不了,0.0
也就以赛亚托马斯没资格说这话。哪怕那些年被公牛年年淘汰的巴克利、尤因、普莱斯、帕特莱利说，都行。,0.5
也就是乔丹身子骨好，换个一般的早进医院了,1.0
都不能算犯规了，打架合适一点,0.5
高中买的第一份蓝球杂志看的第一个nba新闻就是尼克斯总裁伊塞亚托马斯性骚扰赔了1000多万刀。。。,0.5
斯托克顿当年被托马斯阴了一下，马龙给了他一肘子，差点没给他打死，不知道他认不认这个是犯规？,0.5
人家只是学猫猫挠了一下,0.5
我们单位一个00后都知道这事，他说梦之队不带着托马斯，他得罪大鸟魔术师等等几乎全队人也只是次要原因，主要是美国队怕他搞事情会被别的国家队打死，兰比尔杜马斯罗德曼可没在身边罩着他。我当时听得一口茶喷屏幕上。哈哈哈哈哈,1.0
最恶心的事情还是隐瞒心脏病情，因为一场常规赛导致马布里见不到他父亲最后一面，刺客这个人品真的无下限。,0.0
打架带个球很正常,0.0
以前真的很担心mj会在被犯规后咬掉自己的舌头,0.0
当球员和教练都是恶人，粗野犯规令乔丹对参加梦一条件有我没他，当尼克斯教练还是总经理来着，隐瞒马布里父亲病情报告让马布里见不到父亲最后一面抱憾终生,0.5
坏小子军团只是变老了，不是变好了,0.5
这是要杀了卤蛋,0.0
刺客真的是场上场外都不是好人，小肚鸡肠，录像都找得到，还睁眼说瞎话,0.0
合着乔丹法则就是乔丹哭着找裁判要哨子是吧,0.0
他老大哥魔术师都跟他反目了，魔术师什么人品懂得都懂,0.0
也就你有本事说这话,0.0
确定不是指桑骂槐吗,0.0
一点也输不起,0.0
往死里干就碰,0.0
没记错的话，托马斯和乔丹是死敌，一辈子都在说乔丹的坏话。,0.0
看了主页转职乔黒啊,0.0
我先来，乔丹吃了时代红利，老詹才是goat,0.0
你托马斯好意思说这话？,0.0
活塞的碰和其他队的不太一样,0.5
托马斯被卡尔马龙一肘砸碎面门真是活该,0.0
托马斯这是积怨很深呐，从没进梦一到现在，基本有机会就喷乔丹，感觉是心里留阴影了,0.5
都把人家打出血了，没打死都算人家运气好，还搁这放屁另外刺客真的人品有问题，很多人不喜欢他,0.0
试着把丹子的名字换成另一个人，你会发现更是恰到好处,0.5
说起碰不得和打报告，印象中最深刻的是2016年总结赛，有人打报告可以上诉追恶犯，2023.1.29事件的保驾护航，闻所未闻,0.5
帮主：看你一眼算我输,0.0
他也就知道乔丹压根不会理会他说啥，当年魔术师都承认是自己不愿意他入选梦一，结果他还是逮着乔丹说，乔丹干脆你说是那就是吧,0.0
托马斯就是一个垃圾，十足的垃圾，,0.0
问题是托马斯都不确定是不是乔丹不让他进的，就死咬着是乔丹，其实整个梦一大部分的人都不喜欢他,0.0
丹子再不投诉你们都要上器械了……再说他也没投诉啊,0.0
刺客先前可是一直吹乔！跟他比，我们打球好像高中生！高中生嘛，球打不过乔丹就把乔丹打倒，很合理！98总决赛最后一投之后乔丹是真正的GOAT！可乔丹一直不理他，尤其是在《最后之舞》中乔丹仍旧憎恨他，并称他为混蛋后又开始抹黑乔丹了！你们坏小子军团只是碰乔丹？如果只是碰，你们又有什么不好意思承认《乔丹法则》的存在呢？,0.5
那个活塞队球迷看着有点意思，场上球员肯定都不喜欢，太脏了，真有点是自由搏击顺便打个球的感觉,0.0
不是人的怎么会有人品,0.0
要不是人家亲自打了比赛。,0.5
除了教练没人想要他,0.0
刚好近期通过油土鳖看了一些公牛活塞的季后赛，按正常的规则，很多球看着防守犯规的，结果都没吹甚至有些球吹罚乔丹进攻犯规，很是离谱；,0.5
哦哦……不愧是前辈，以前我以为这么不要脸的NBA只有一个人……,0.0
是啊，每次和詹姆斯打比赛，都有人在摇花手,0.5
我倒是看到有人跪着要犯规,0.0
刺客的人品举世皆知,0.0
乔丹赢少输多啊,0.0
科比：你再说一遍。,0.0
托马斯的球品人品都极度的差，,0.0
活塞都能碰出wwe动作,0.0
打不过提前退场，丝毫不尊重对手，真的low。还有活塞那是打篮球？打人顺便带个球罢了，以为大家没看过录像啊,0.0
托马斯这要不是说的乔丹，我还以为是,0.0
这样说只会让自己显得很无能吖，碰都不能碰的球员你们每一次都几乎恶意犯规,0.0
丹子：只能说活着就好,0.0
收皮啦，托家铲,0.0
主要怕影响美国形象,0.0
托马斯肯定恨乔丹啊。不单是因为乔丹结束了他们的王朝。其实他们根本不算啥王朝，2冠而已罢了。更是因为乔丹取得了他们这代球员前所未有的成功，无论是成绩上，还是商业上。即使你战胜过乔丹好几次又怎么样。最后的赢家依然是乔丹，赢到最后的才是最美的,0.5
伯德和魔术师说过类似的话 乔丹前期是被恶犯很多，后期本来就是巨星哨很多,0.5
这几个真该禁赛……太夸张了,0.5
放屁，我们看过比赛,0.0
魔术师那个就是典型的开玩笑而已。这所谓的后期是啥时候呢？巨星哨很多的话，怎么就有限制乔丹单打的规则出台和取消呢？,0.5
不让托马斯进国家队真是对了,0.5
这人是最没资格说这话的，也就乔丹不跟你他一般见识，你看马龙惯毛病么,0.0
所这种打了比赛还说瞎话的，该怎么定义呢,0.0
当时就差没把乔老板打死，也就乔老板身体素质好。,0.0
老张粉丝吧,0.5
没进去梦一,0.5
托马斯不会这么说的。自己编的吧，楼主舞剑，，意在沛公？,0.0
我觉得如果是其它人用乔丹的方式和那支两连冠活塞对抗，能不能全须全尾走下赛场都两说,0.0
这就纯是个人恩怨了 瞎扯,0.0
难怪乔丹非常讨厌他，信口雌黄。,0.0
事实如何且不说，起码托马斯也认为摊手要哨子，打小报告是丢人的,0.5
说的谁？,0.5
很多人以为恶意犯规出台以后的活塞：战战兢兢打球，在不能打人的情况下，连球都不会打了。,0.5
乔丹有没有我不知道，但我还真知道有个人是这样的,0.5
兰比尔表示可以,0.5
没听过 有没有违例被吹罚的图来两个,0.5
围殴更确切,0.0
如果乔丹碰不得，乔丹早就翻过活塞这座大山了。,0.5
活塞是奔着杀人去的，犯不法规根本不值一提,0.5
兰比尔那种给我一下，我估计当场去世了,0.0
舌头灵活就不会，被犯规后就立刻吸溜一下缩回去,0.0
所以马龙也只是“碰了”你一下,0.5
欺负人罢了，马龙一肘子差点把他干死，看他还敢不敢脏人,0.0
真是麻痹的不要脸，，，，，看不下去 了 ，，,0.0
尼玛活塞打球跟少林篮球似的，当时联盟公认公敌，坏孩子军团。就应该多吹吹哨,0.0
没听过就是你孤陋寡闻了。稍微了解NBA历史的都知道这个法则，我没有义务向你科普，我的目的仅仅是在论坛留言让更多的人看到就行了。这个出台的时间点和取消的时间点真的是值得玩味。,0.5
活塞属于打架带个球,0.5
其实是保护乔丹法则，这不就是清空篮下帮助突破,0.5
希望我詹在多打几年，这乐子真多,0.5
多少真心话是一玩笑形式说出来的，而且是在梦之队拍定妆照那种场合,0.5
我们没有眼瞎,0.0
中文看不懂吗？这么简单的阅读都能理解歪？我再发一遍，让更多的人有机会看到。,0.0
梦一被其他球员联合抵制的是不是这个，还是杜马斯，分不清了,0.5
有一段时间想吹乔丹，结果乔丹没叼他，怨念更深，更没好话了。,0.5
明明可以杀人，非得带个球，格林在活塞都能算是洁癖球员,0.0
谁都能说，就活塞和托马斯没资格说，那是正常打篮球什么动作吗？真不要脸了,0.0
真当录像带都是文物不能看了是吧,0.0
可惜啊，史上最大的乔吹，大鸟和魔术师各算一个。,0.0
如果那是碰的话，那NBA历史上就几乎没有犯规了,0.5
要透过现象看本质 哥们，别看人怎么说 要看他怎么做，随便编两句就把你忽悠了 字里表达的未必是表面含义 否则就不用考阅读理解了。NBA靠乔丹赚百亿 一飞冲天 嫌钱太多了吗限制乔丹,0.5
我记得有一个球极其恶劣把丹子放倒  托马斯在地上还示意着是个争球·,0.5
一码归一码 说体毛哨跟承认乔丹伟大不冲突啊。我说个事实怎么就是黑了,0.5
尼玛，都快把人打进ICU了,0.0
哈哈哈哈 有画面感了,1.0
乔丹哨子是加强版的常规赛哈登和恩比德，不过也是当时极致造神的需要，连魔术师大鸟都公开调侃合照时不能离他太近，因为裁判会吹犯规,0.5
那个能打老虎打黑熊的可不可以,0.5
乔丹直接放话，梦一里有我没他,0.0
连续三年虐丹子，后来大伤以后，丹子才赢他一次，你说谁输不起？,0.0
所以你去找乔丹复仇就行了，你暴打斯托克顿干嘛？最后被马龙一肘干翻。,0.0
以赛亚托马斯自己是什么货色自己心里没数么，叫它“微笑刺客”真是玷污这个词,0.0
我们一般管这叫“碰”的,0.0
乔丹法则只能叫碰的话，现如今NBA的防守简直就是幼儿园体毛摸摸了，估计这话也就骗骗00后网络喷子了。,0.0
格林废过几个人啊？,0.0
我以为你说的是山羊,0.5
詹詹连托马斯都开始买了,0.0
杀人啦杀人啦,0.0
真小人就是比瘾君子强,0.0
就那种程度的犯规，换其他人不止进医院，搞不好直接赛季报销或者原地退役了。我就看过一些片段，妈呀，那根本不是冲着球去的，就是纯粹冲着人去的,0.5
还真不是，托马斯属于看到乔丹的名字就应激。梦一队就开始搞了。,0.5
是不是蹭不到流量就撕破脸了,0.0
你还真信了啊,0.0
马布里老爸比赛前去世了，托马斯瞒着马布里等他比赛打完才告诉他，就这一条天人共愤，后面托马斯还好意思泼马布里脏水，这种人搁我们这球迷都得打死他,0.0
放几张图，然后放几句话？,0.0
就是最后一舞说他是混蛋，刺客觉得自己被公开这么说觉得很丢脸啥的，然后就开始了。一会说詹姆斯是goat一会说贾巴尔是goat。,0.5
啊？这不是在反串那么？,0.0
脸都不要了 ,0.0
刺客说的应该nba的现役乔丹,0.5
主要是里克马洪和，这个才是真正的金牌打手。兰比尔罗德曼这种也就是仗着里克马克华菲狐假虎威。至于杜马斯，他反而相对文明点。,0.5
主要是里克马洪，这个才是真正的金牌打手。兰比尔罗德曼这种也就是仗着里克马克华菲狐假虎威。至于杜马斯，他反而相对文明点。,0.5
赢球密是这样的了，不是真的喜欢篮球,0.0
没废过都是点到为止,0.5
三岁小孩都不至于这么碰不得吧！,0.0
看他怂样就知道了，要他像我一样发詹姆斯的比赛，一堆借口！,0.0
“我们铁血硬汉就这么打篮球的，你看不看吧”,0.0
又开始了，托马斯什么人品，问问马布里就知道了，马龙当时给他一肘真的不过分。,0.0
托马斯：众所周知我是一个汽车维修工，带个锤子啥的很合理吧,0.0
是的，要我是马布里，不当场打死他,0.0
活塞没人说这话，除了和一众大佬都有私人恩怨的，被排挤了的托马斯,0.5
撩阴腿，击小腹，后脑袭击，扣眼珠子。说活塞不会武术我是不信的,0.5
说的跟那谁似的,0.5
对手对乔丹的动作放老张身上，肖华办公室的门都能被詹密踏破,0.5
这都热榜？,0.0
要是托马斯和詹姆斯一起打过球,0.5
卑鄙小人托马斯！,0.0
稍微碰了下？？？？要不你们带个刀稍微碰下吧,0.0
有没有可能他说的是name,0.5
不会有人信这种鬼话吧,0.0
活塞就差每把他打死,0.0
按现在的犯规吹罚标准，乔丹经历的根本不是犯规，而是谋杀,0.5
托马斯他打别人行，别人打他场下对着教练暴跳如雷，太碰不得了,0.5
退役前你可以说是球场恩怨 退役后就在尼克斯对马布里的所作所为就是个人渣 送个图给刺客,0.5
我觉得换其他人，至少也要有心理阴影。也就是乔丹，一次次被摧残之后居然还敢还能一次次杀进去，充分展现了什么叫不屈的精神,1.0
刺客也配说这种话，看看自己有多脏,0.0
就是刺客托马斯，杜马斯是那支活塞队里少有的防守比较干净的,0.5
事实上伯德也说过类似的话，“拍照别凑乔丹这么近，太近要被吹犯规的”,0.5
以赛亚有资格说这话?乔丹都快被活塞打死了,0.0
梦一的事情不是因为粗野犯规，而是公牛好不容易翻过活塞，托马斯直接回更衣室了，这点激怒了丹子,0.5
你看过乔丹活塞比赛？别搁这儿瞎吹，你多大？,0.0
你活塞什么队，能说出这种话的，球迷从来都是讨论谁个球员多脏，历史最脏球队是哪只从没有过一滴滴讨论余地,0.0
你看过乔丹活塞比赛？那你说说89年两队打了几个加时？,0.0
美国人真都这样，当他说你恶意犯规的时候，你最好真的黑,0.5
都以为大家没看到过视频？,0.0
你看得到啥呀,0.0
活塞是不是有个打篮球其实是为了去教训黑人的,0.5
已经掏鸟窝了！,0.0
你要真看过就不会这么片面了，人家托马斯的意思是 你乔丹又不是什么冰清玉洁的黄花大闺女，大家都互相上强度，你哨子还更多，你是怎么好意思跑去打小报告的？合着只有你乔丹给别人上强度，别人就不能放手你？,0.5
乔丹也不是圣人,0.0
只能乔丹给人上强度，不然怎么捧得起来，必须修改规则,0.5
我只见过跪着要的,0.0
不要片面看待，人家托马斯的意思是 你乔丹又不是什么冰清玉洁的黄花大闺女，大家都互相上强度，你哨子还更多，你是怎么好意思跑去打小报告的？合着只有你乔丹给别人上强度，别人就不能防守你？,0.5
真是不要脸，别人球队是对抗大，活塞冲着杀人去的，垃圾。,0.0
爆头届goat 迈克尔乔丹。看问题要多维度，人家托马斯的意思是 你乔丹又不是什么冰清玉洁的黄花大闺女，大家都互相上强度，你哨子还更多，你是怎么好意思跑去打小报告的？合着只有你乔丹给别人上强度，别人就不能放手你？,0.5
不是乔丹不让托马斯进梦一的，是魔术师。前几年魔术师接受采访自己承认的。,0.5
托马斯的意思是 你乔丹又不是什么冰清玉洁的黄花大闺女，大家都互相上强度，你哨子还更多，你是怎么好意思跑去打小报告的？合着只有你乔丹给别人上强度，别人就不能防守你,0.5
你恨不得挂人家身上当挂件,0.0
所以乔丹魔术师大鸟讨厌他是有道理的。在那信口开河造谣。,0.0
所以找了五个动图，有几个和活塞有关的，活塞怎么对乔丹的？乔丹怎么对活塞的？你对我恶犯十下，我对你不允许一下恶犯，是这意思吗？,0.0
为啥要扛？加入不香吗？,0.0
要是乔杜马斯说这话还有情可原,0.5
别人不能防守指的是公牛直到91年恶意犯规出台才在罚球数上超越了活塞。这个所谓的“偏袒”乔丹的法则，到了总决赛还是让公牛的罚球落后于湖人,0.5
会上网吗？,0.0
不光看过活塞公牛季后赛，还看过奥拉朱旺辛普森双塔总决赛对阵凯尔特人，活塞总决赛对阵湖人等很多，大部分youtube有完整录像，加上我爸也看球，像乔丹六次冠军总决赛录像家里也有光盘，当然只是看个篮球比赛而已并没有啥值得优越的，所以我也不懂NBA篮球比赛这也不是啥机密文件，我看过你又有什么好难以置信的？,0.5
那为什么詹和杜瓜这俩fiba bug位置重叠 还能在图上啊,0.5
有科比在的美国队，一场比赛也没输过，包括队内训练赛，这赢的效率不高吗,1.0
你科比有奥运会铜牌吗,0.0
詹姆斯能入选，还能排c位，这家媒体的投资人是谁是看都不用看就知道,0.0
因为双标而且想强行多带一个人呗,0.0
那06年呢,0.5
铜牌多吧，美国队历史拿铜牌最多的人,0.5
这两的防守强度比的上科？,0.5
说实在的，科比和乔丹重合 选乔丹 能理解，但这三个小前锋前锋又不重合了？ 这种能打 三 四号位的 有冲击力更强 还能内线硬刚的 巴克利， 能打一.二号位 突破能力 防守能力更强的韦德 ， 论梳理进攻组织 有魔术师。这哪一个不比某人合适，一个连战术都跑不明白，说好听是全能，难听一点不就是什么都不会 什么都不精。唯一专精点 就是加在媒体投票上面了吧。 ,0.5
别人说数据，你说胜负，你什么意思？,0.0
老张一场比赛3个幽默名场面，凭什么不是C位,0.5
可能凭的是全队第二的15.5分，外加全队第三的5.3篮板全队第二的3.8助攻全队第一的2.4抢断，外加60命中率46三分率吧。,0.5
铜牌 领军人物，美国队中难得嘛,0.5
对呀，厉害的这么多，怎么也轮不到拿两个铜牌的吧,0.5
就是，还是两块。。。。科比一块都没,0.5
数据比胜负比带队金牌的能力还重要？ 没有科比的发挥，08年美国队就是一个银牌。,0.5
这没办法，谁让他的位置跟乔丹重叠,0.5
这里面把lbj换成巴克利比较好。中锋其实我觉得奥尼尔更可怕,0.5
所以中间那位有什么高光时刻吗,0.5
想笑,0.0
科比效率是美国男篮奥运会史最低，能上都怪了,0.5
甜瓜奥运的时候经常打大前，杜是小前，至于剩下那个，只能说三流媒体的评分看不懂,0.5
铜牌也能上C位，没有能拿出手的吗？,0.0
哪一个知名媒体？,0.5
哪个知名美眉？,0.0
那为什么巴克利上不了呢,0.5
应该把乔丹换成巴克利，同时代乔丹国家队都没巴克利打得好,0.5
因为他们个子高，又能持球。。可以打好多位置啊，起码防守没啥问题,0.5
两次铜牌得主占C位,0.5
这种名单只要输过一场球的都该踢出,0.5
woc，老张变C位,0.0
起码防守没啥问题 也对 不防守就不会有问题,0.0
我单纯指的是身高方面昂，适配性比较多样化，起码不会被干拔。至于防守水平我可没说啥哦,0.5
不是重叠的问题，是美媒。。。你让姚明，德隆这样的NBA球员选，科比就会榜上有名,0.5
不会被干拔,0.5
铜牌哥居然最佳，真是搞笑,0.0
个子个子，对方2米1，起码詹杜尼三个身高不虚，对方想起跳投篮有点难度，科比毕竟198还是196的，差10几公分的话，还是有难度的，说明你在防守上要比防同等身高的更出力，防守出力多了不是影响体力进攻吗。。而且万一碰见文班这种类型的，一抬手就投了，你反应再快也很难封堵啊，是吧,0.5
这上面谁说了科比一场没输过然后就比谁谁强了吗？ 中国文字都没看懂跟人谈逻辑？,0.0
打控卫,0.5
你这媒体是不是类似雨说体育,0.5
杜兰特输了7场？,0.5
防守只是防对方投篮吗？,0.5
算上热身赛一共输了七场，上个奥运会小组赛打完论坛好多人都在说美国队夺不了冠了，结果还是让杜C住了,0.5
一看这站位就知道是谁的美媒,0.0
正赛不就只输了上届奥运会小组赛一场吗,0.5
C就完事了,0.5
04年铜牌能怪詹姆斯？？？？？？？？？？,0.0
詹姆斯俩耻辱铜牌，还能上？,0.0
个人认为合理。詹姆斯从未缺席美国男篮。——科蜜留,0.5
既然美国男篮最佳首发，那首先得要求作为老大带队拿到金牌吧？,0.5
人家乐意，媒体是你家的啊,0.0
铜牌哥有牌面,0.0
一进来就看到两铜在中间,0.0
给对面上身体强度，对面不就难起手了？也没见一队有多少个2米1在场的。国际赛场杀伤高的大多也是锋卫,0.5
扯淡的逻辑，这里面只有阿杜和安东尼在国际赛场证明了自己的带队能力或者砍数据的能力。,0.0
现在外网随便一个几十几百的粉丝自媒体就叫知名媒体 有些就是博流量 有些就是纯粹调侃 国内这些媒体就无脑照搬什么洋屎都往碗里放,0.0
你在搞笑吗，杜兰特啥时候输了7场，国家队生涯39连胜，就21年第一场小组赛输了法国，还是队友不给球的情况下，国家队生涯44-1，你在说什么？,0.0
总不能把蹭的那位去掉吧 就为这碟醋呢,0.0
扯淡的逻辑，没有科比，08年美国队还是一个银牌！,0.0
美国历史上赢球最多的是基德，也是一场没输！,1.0
但是个子高总比矮更好吧？而且这三个自动速度啥的也没问题，又不是个子高移动慢的那种，身体对抗更不用说了。而且杜和安国际赛场不需要多说了吧？詹平时再嘲讽，占个主力还是没问题的吧，再就是有乔丹和你重叠位置，这是没有办法的啊。。也就是哪怕你98分，其他三个96分，但是你和乔丹重叠了，所以上任意一个96分都比上你98分合适，木的办法啊,0.5
土鸡世锦赛才是带了一群新秀全胜夺冠，国际赛场的杜兰特强无敌，那时候杜兰特也才3年级，比06年某人3年级带队铜牌强太多了,1.0
“知名美媒”,0.0
这5人里面只有阿杜和安东尼在国际赛场证明了自己的带队能力或者砍数据的能力。,0.5
哪个j8️⃣美自媒体啊，拿俩铜的人也敢出现在上面，还站C位…,0.0
因为詹0812两届奥运会都进fiba奥运最佳阵容了呗，12年甚至还是奥运男篮mvp，是不是又该说詹连fiba也控制了啊？,0.0
詹姆斯换韦德,0.5
这可不是知名美媒，这是知名詹媒！,0.0
扯几把蛋呢，耐克这充值能力绝了，四个耐克的不说，网红凭啥首发加c位？梦之队缺他那十几秒运球和突不进去的抬肘八步？   首发控卫毫无疑问魔术师，另外中锋可以是梦二的奥拉朱旺，上将顶东南欧的白熊并不十分有优势。,0.0
原因是其实他们位置不重叠。我詹打的是自由人位置。,0.0
瓜送了多少礼？,0.0
美国男篮历史最强表演不是08韦德？？,0.5
08年他凭什么进最佳阵容？他打的什么玩意？,0.0
不是巴爵士？,0.5
梦之队一阵PG 魔术师 SG 乔丹 SF 甜瓜 PF 阿杜 C  大梦二阵 pG 韦德 Sg 科比 Sf  伯德 PF 巴猪 C  奥胖,0.5
因为人家拿了铜牌…,0.5
因为詹姆斯控制了奥运,0.0
算热身赛7场，你自己查,0.5
效率高，拿铜牌还不能怪队友，他的队友可是世界第一阵容啊。哈哈。,0.0
我奶奶完全不看球的来排名，也不至于排的这么离谱。。。。。,0.0
然而乔丹没打NBA时就有奥运金牌了,1.0
热身赛也算,0.5
对面两米一4号位让加内特来不就完了,0.5
老詹打控卫去了,0.5
俩铜牌是真敢往上放啊,0.0
基德科比乔丹加内特上将，确实是美国的最强阵容,1.0
乔丹大学生时，其他国家队与美国队差距有多大，需要我给你科普吗？ ,0.5
上他干嘛？换奥尼尔,0.5
不是giao怎么也评上了,0.0
乔丹站在侧面，这是哪个棒槌排的，乐。,0.0
没输过的都厉害，拿铜牌的就别来沾边了,0.0
詹姆斯换欧文才合理,0.5
没巴克利？巴克利奥运这表现不比铜牌得主强多了？,0.0
08年和12年美国奥运队给我的印象是，科比比起他当时的名头来讲，发挥确实一般多次投篮打铁。08年韦德一个爆破点，12年杜兰特。。。但是08年科比一半精力好像放在了外线的防守,0.5
那就科普下韩城奥运会男篮冠军吧,0.5
报警了，铜牌,0.0
那届世锦赛决赛的画面还历历在目的感觉，半夜在家里看杜威二少轮流抡了个冠军，没想到一转眼都14年了。,1.0
？他打的什么玩意，你是新球迷吗，你怎么不问问科比打的什么玩意，丝毫不耽误球迷吹科比拯救美国男篮于水火之中,0.0
08年：科比7场虐菜局，场均14分，打唯一的高端局西班牙20分；,0.5
自己东拉西扯，反过来说别人逻辑有问题？,0.0
詹姆斯，虐菜局的龙，高端局的虫，最后数据一平均还是一条虎。因为虐菜局至少有6场半。,0.0
凭你一句话，凭你嘴巴大,0.0
因为这是美媒 ,0.0
自己搜吧，这次奥运会得了金牌，只是在美国队的以往的任何金牌中，没有任何不同。,0.5
真几把能造谣…12年奥运男篮有der的MVP,0.0
打王者这种人可太多了，吃三路资源，数据刷的很好看，然后赢不了比赛。最后怪队友不给力。,0.0
因为他是goat,0.5
量筒,0.5
人家说mvp难道不是打的最好的那个，这就造谣了，真几把能yy,0.0
效率低能赢球，还有脸炫耀？这不是队友强是什么？ 科比职业生涯躺赢比赛太多了，前几天我才看见复盘12美国打立陶宛，立陶宛输了5分，最后时刻还领先美国，这场比赛科比7-1命中率高达14%，这不是队友帮科比擦屁股能赢？哦，不能说科比没有作用，这场比赛科比直接肘击对方球员喉咙，导致对方几秒钟内都无法呼吸差点被人送医院，真的脏的恶心。还有赛后立陶宛球员直接点名科比全场走步裁判不吹，科比把干爹哨都带到奥运会也是真的nb，干爹哨就算了，干爹哨也能7-1，无敌了。,0.0
我说的是韦德。詹姆斯那里比韦德强？？詹姆斯，碰到联防突破等于零的玩意，也能最强。。？搞笑呢？,0.0
什么叫带队,0.5
是人家跑不明白还是自己看不明白，你再捋捋,0.0
毕竟霍里也有7冠,1.0
这次奥运会得了金牌？你指的是汉城奥运会吗？,0.0
行了吧，就是现代篮球规则一直改。其实很简单一个问题，只要持球就算控制球，手掌朝上，持球，典型的控制球，不需要一定双手合球。明白吗？单手三步上篮需要合球吗？？？,0.0
铜牌GOAT，牛！,0.0
中间那个在梦之队有啥代表作吗,0.0
无所屌谓啦，让他们去争吧。,0.0
“战术都跑不明白”每天见识网友下限,0.0
这个阵容5人都能打小前锋,0.5
怎么评的？根据数据？荣誉？胜率？不管根据哪个，詹姆斯都上不了这个榜,0.0
c k m sts,0.5
那你心里那位更上不得台面了吧,0.0
俩铜牌上榜，什么野鸡榜，吉诺比利都带队carry夺金了,0.0
阿杜 丹子 韦德 科比 甜瓜,0.5
你自己不会搜吗？ 整个FIBA的比赛，美国就没有输几次，赢得那么多金牌中，乔丹大学生时期带领的美国队跟其他美国队的虐菜有什么本质不同吗？ ,0.0
大多媒体把事实报道清楚就不错了，这瞎jb发表观点，早日倒闭吧,0.0
咋没控卫,0.0
笑了，虚空编辑的荣誉也要争，这么野,0.0
因为美媒不懂球，就你最懂,0.0
带队金牌。唯一的高端局最关键的第四节科比一人13分，占全队的一半，外加两次关键助攻，带队金牌。,0.5
你快去投票,0.5
嘻嘻，气不气,0.0
你真是啥也不懂啊。美国男篮在奥运会上最后一枚由非职业球员获得的金牌，第一枚职业球员获得的金牌，这两块金牌都参与的就两个人，乔丹和尤因。还没什么不同。92年之所以要派职业球员参赛，一个重大原因就是88年的美国队输了。还虐菜，88年的美国队就是那盘菜。,0.0
不用看都知道有人在叫有黑幕，可是气死他们了呀,0.0
怎么可能是他家的，媒体是谁家的不都明白。,0.0
头像就很对味儿，这满腔的愤懑……,0.0
基德、科比一块铜牌都没呢,1.0
哈哈哈哈哈贻笑大方了,0.0
黑的没下限，理智都没了，确实开眼。,0.0
丢人,0.0
杰伦格林夏季联赛 场均24.1分钟20.3分4.3篮板2助攻，投篮命中概率FGS (51.3%) 19/37，真实投篮命中率70.7%，三分命中率3PT(52.6%) 10/19，罚球命中率FT%(92.8%) 13/14。夏季联赛还是乱杀的，争议都是他三年没有成为莫兰特级别的球员，不是他真不能打。,0.5
好歹用一个瘦弱的身体三年也能场均20分，不是随便一个人都能碰瓷，他最大的问题还是不够稳定和没杀招，说不定什么时候突然进入zone,0.5
幸好格林打过夏季联赛，要不然被这群人说的要夏季联赛场均9.9分了。格林所有的争议是他三年没有成为全明星而不是他夏季联赛能不能打,0.5
争议是他的效率越来越低，这不是个好事情。低效得分手且没有防守，真的很难被球队委以重任。,0.5
总结一下，投进了就是靠运气，投不进就是菜狗，总之就是你进不进都得立正挨喷,0.0
他最大的问题是，效率太低，而且没有看到进步,0.5
为黑而黑就没必要吧,0.5
拿一个上限到顶的巅峰数据和一个正在上升期的数据对比你也是会对比的，你怎么不拿恩比德第一年数据和前面乌布雷数据对比啊，是不是乌布雷才是76人老大啊,0.0
关键夏联大家都是瞎几把打，格林天赋完全是随便打打就效率超高，那需要什么战术啊,0.0
说了一句双刃剑，被追着咬,0.0
怎么做到的抛开事实不谈，我觉得,0.0
格林打夏联突出个轻松写意，看看数据就知道了，这这种程度的比赛他真是乱杀,1.0
一本正经的胡说八道,0.0
格林新秀夏联也是场均20分，两分三分都是50%+,0.5
话说黑归黑，人格林第一年那夏联打的已经够好了吧，50+50+90命中率，场均20分,0.5
格林的争议并不是三年没有成为全明星，库里打了5年才进的全明星，三年没进很正常。,0.5
大家对他的期望太高了,0.5
再看看格林夏季联赛集锦去吧，他那时候真就是把球投进了而已，还真没到乱杀的地步，啥也没表现出来，光看命中率是不错，可是他的进攻方式注定靠天吃饭，他都不知道自己哪个球能投进,0.5
格林的争议是不该参加那些该死的采访，掉坑里都不知道。,0.5
夏联的防守级别还真不是靠天吃饭。那种运动能力和防守纪律，格林全靠本能不需要球商就乱杀了。他是在高级别高对抗比赛里，身体对抗不行，变通能力不足。,0.5
别带节奏，我是客观火蜜。不是那个球员的个人粉。,0.5
闹麻了 和底薪乌布雷孰强孰弱还是未知数,0.0
不一定有第一年厉害,0.5
谢泼德的三分是最不需要去研究的,0.5
夏联他一直打持球，没有接球投的机会。另外夏联中锋太抽象，不好好挡拆。第一场丹特挡的还行，后面太急着下顺了,0.5
谢第一年的定位就是定点射手，偶尔客串一下控卫。上场时间不会特别高,0.5
我也觉得是这样的，他最好和阿门一起搭档替补，互相接应,0.5
我觉得他一开始上不了场，暂时小霍乐迪比他水平高很多,0.5
谢泼德目前即战力还差霍老三很远，垃圾时间能上场就不错了，不要只看夏联数据怎么怎么样，他暴露的缺点问题更大，他的培养周期不亚于阿门，也是需要长时间培养的！,0.5
我想看棍子和谢纳表演,0.5
说的挺好的 我原本以为火区的人都觉得中锋不好好挡拆后卫突进去挨帽应该怪后卫，当球队只有一个得分点的时候被针对应该怪那个一直试图破包夹的球员。,0.5
猪队友，挡拆那叫一个差,0.0
嗯嗯，知道了，回去刺区吧,0.0
不是没打过球，而是没有人像你那样打过NBA。,0.0
除了防守可能不如霍乐迪，其他哪样不比霍乐迪强？某些人看球真是抽象,0.0
他第一年能把那该死的空位三分投进。把球运过半场就行了。,0.0
他不是不会打无球 是其他人又菜又独 谢泼德都接不到球,0.0
今天有空位三分几个都没中,0.0
而且球给出去就再也回不来了，完全没有无球c&s的战术。本来就不是持球攻坚点，能场均20+50命中率已经是超出预期了,0.0
调整能力强，聪明，其他的找补回来了,0.0
再这么打下去吉安娜要提分手了,0.0
师父你是干什么工作滴？,0.0
就这糙哥还不愿意去老鹰打内线，狂的没边了,0.0
看着铁，但是动作又觉得还行,1.0
我们老鹰球迷就一直等着他出笑话,0.0
这种不错 命中率可以慢慢提升  有的内线不会这种动作 做不出来,1.0
这是真的菜，感觉今年出球星会是低顺位,0.0
说个真实的，萨尔国服的翻译很烂，人家英文名叫thrall，仆从，音译怎么也翻译不出来萨尔，应该是索瓦尔或者索瓦，不过榜眼萨尔是真萨尔，Sarr,0.0
已经有个流量爆炸的球星了,0.5
他和安度因不是一对吗？关吉安娜什么事？,0.5
这不就是普尔吗，动作标准但就是不进,0.5
说能跟文班互爆，谁都防不住谁,0.0
萨满祭司,0.5
这些动作很多中锋都能做，麦基以前的视频比他还6，主要是你得进，不进，动作再漂亮也是白塔,0.0
怪不得兽族不行了，还不如让古尔丹来呢,0.0
小乔丹的罚球姿势很标准就是命中不行,0.5
比寒冰射手还要离谱。,0.0
thrall th+rall 音译应该是施罗或者施罗尔 也不是索瓦尔,0.5
俺是种田滴,0.5
不是和沃金一对吗,0.5
湖人还有球迷？怎么NBA只有湖人勇士凯尔特人吗,0.0
现在好了一队了,0.5
小乔丹你看他运球还一顶一的呢，场上还是糙汉,0.5
这让我想到了当年约什杰克逊拒绝为手握探花签的凯尔特人试训，最后凯尔特人被迫选择了塔图姆,0.5
本内特：不狂就是状元了呦,0.5
我看到最好笑的评论是说布朗尼和约基奇顺位差不多，其实我觉得周琦和约基奇顺位好像也差不多,0.5
老实当个蓝领c多好，非要打pf，觉得自己是什么独角兽球员，到时候别连巴格利都不如,0.0
憋不出a导致的,0.0
现在的人名翻译完全违背了信达雅的标准，都是强行用拼音去套一切,0.0
啥叫被迫啊 绿军目标一直是獭兔 獭兔选秀时就是同届最好的即战力3d锋线,0.5
我都不知道他哪来的勇气，就这水平竟然拒绝火箭的试训,0.0
我怎么感觉这动作有点像阿里扎,0.5
他半年前攻防都备杨瀚森完爆,1.0
我感觉里撒切的表现也没有达到预期诶…,0.0
法国诈骗犯,0.0
没有吧我听说凯尔特人是一直都盯着塔图姆,0.5
不知道他之前是什么样的，有一说一看这身高打球的协调度感觉不会太差，不进球是有点心态问题嘛,0.5
虽然我不是老鹰球迷，但我要客观的说这一届没有你想要的那种状元，至少现阶段没有。只能对比同届谁更强。,0.5
这状元的选秀报告里优点就是这么写的啊,0.0
那你看看大本的投篮。那叫一个标准，关键是不进啊,0.5
不一样，普尔那是纯摆烂,0.0
斜坡的,0.5
说话好伤人，虽然确实没多少球迷,0.5
科比？,0.5
还要求老鹰交易贾伦约翰逊,0.0
早期还有尤迪安呢,0.5
凯尔特人目标一直就是兔子好不好，只不过确定榜眼湖人要球哥，就忽悠76人探花+首轮换了凯尔特人状元签，然后76人富尔茨，凯尔特人如愿选兔子,0.5
哪里是什么湖人球迷，不过是流量的跟风者罢了,0.0
在小牛练出来了,0.5
老鹰选里萨谢是对的，你彻底水了,0.5
魔兽要开国服了，两边跑，状态差点能理解,0.5
不如怀斯曼,0.0
真谛拉,0.0
查查他爹是谁，花多少钱买的,0.0
我咋感觉这两个人名字很相似,0.5
太毛胚了,0.0
每天固定有氧运动,0.0
要不湖人55号选你吧,0.0
榜眼水货来咯,0.0
典,0.0
老鹰：感谢不试训之恩,0.5
选秀前就说是个毛坯，但是没想到竟然只打了个地基。,0.0
突然想起了，当年自己就是三区萨尔的。服务器前五的猎人,0.5
媲美怀斯曼,0.0
天赋异禀,1.0
56号新秀打成这样也正常,0.5
铁匠,0.5
道阻且长,0.5
又当大酋长又打篮球，状态不稳定很正常,0.5
塔比特点赞,0.5
又一水货,0.0
不像个职业选手,0.0
大彩笔一个,0.0
造了个大门就开始卖,0.0
潜龙在渊,0.5
哈哈哈哈哈哈哈哈哈哈,1.0
我来做坏人，不如布朗尼,0.0
萨尔：我家住铁匠铺,0.0
老婆，快出来看塔比特,0.0
状元：里榜眼：萨探花：谢里萨谢。。,0.0
怀斯曼进攻可比他强,1.0
不如yhs,0.0
不是和沃尔一对吗？,0.0
奇才,1.0
名字取得挺好啊,1.0
沃金都挂了，不能找一个新的？,0.5
不提下布朗尼这家伙根本没人理,0.5
不是很正常，奇才脑子抽了选的,0.0
还真是,0.5
刚好和怀斯曼一起搭档，负负得正,0.0
不知道成分的人先到一边去,0.0
你应急了啊？到底是谁兄弟啊,0.0
布朗尼都回暖了，你再铁几天？,0.0
不如实打实的身体对抗，打进去,0.0
敢投就行,1.0
反正夏联之后这忽悠水平足以吸引足够多的球员去寻求指导,0.0
就这还不去老鹰呢，老鹰感谢你八辈祖宗,0.0
新秀看7年，不用着急,0.5
这几个比例太高了，占90以上了，所以就习惯性忽略其他球队了,0.5
水货,0.0
没事，他会好起来的。,1.0
铁炉堡第一工程师,0.0
去年选中文班以后说今年有个状元热门很强的萨尔  合区吧法国培养人才的能力吹上天了 就这,0.0
夏联说明不了很多问题，应该在常规赛接受场均40分钟的历练。,0.5
笑死，我这就被代表了,0.0
看起来不大聪明的样子,0.0
阿富汗玉,0.5
老话说新秀看三年猪,0.0
水平不如他哥,0.0
边笑边看,0.0
经理可要被笑话了,0.0
打铁还需自身硬呀,0.5
感觉不如周琦呢,0.0
只能说幸亏不是状元，骂名不会那么重,1.0
还有高手,0.0
菜,0.0
篮筐销售,0.5
衔接出手感觉好勉强，和文班完全不是一个感觉。,0.5
寒吊蛋,0.0
那你孤陋寡闻了,0.0
为了部落,0.0
文班去年刚打夏联也一坨屎，后面慢慢找回手感了，布朗当年打夏联也是十几中几,0.0
随便吹，反正没人亲眼看见,0.0
人们宁愿相信杨瀚森未来不如王哲林也不愿相信杨瀚森能打爆萨尔,0.0
当兽族大酋长的,0.0
你是眼里没有窝火啊。,0.0
大工匠,0.0
和我预期差不多,0.5
球别打了 回去管好部落吧,0.0
就这还只是夏季联赛，对比布朗尼只能说湖人赢麻了,0.5
吉m我已经骑了，萨尔走开,0.5
特雷杨也不算小众球星吧，还是有点知名度的,0.5
状元榜眼，必有一水,0.5
为什么选他不选别人,0.0
看样子要水啊，夏联都这水准,0.0
低级,0.0
你看他的id跟他的ip，他是湖人球迷吗，他只是詹黑,0.0
有可能压根就没有投篮能力，干不了 jj 杰克逊或者莫布里那样进攻的活儿。,0.0
他这表现真别碰瓷文班 文班就打了两场夏联 第二场27分 即使最烂的第一场也比他强太多,1.0
顺手打的，别介意,1.0
老鹰还有球迷呢,0.0
作为火箭球迷，只能说感谢奇才！,1.0
打铁的,0.0
他这头像id明显是詹黑啊,0.0
很久没看魔兽的剧情了，吉安娜啥时候跟酋长勾搭在一起了？好歹也是2234前女友呢,0.0
探花啊,0.0
有一首歌怎么唱来着……萨 是……,0.0
不是跟雷克萨一对吗？,0.5
打个赛季联赛能投出 15 中 0，也是没谁了。当初的卖点就是除了防守外，还有投篮的潜力，而不是小乔丹、麦基这种不具备任何投篮威能力的纯蓝领。他的模板是 3J 之类的。现在看来，真的是那块料吗？,0.0
加上火箭马刺,0.5
47中9,0.0
你最好不是说的布朗尼,0.5
篮球场凑人数，200一天,0.0
不知道怎么说，就夏联表现感觉是已经水掉了,0.0
萨尔给布朗尼自信 布朗给布朗尼动力,0.5
还评价个锤子，他要不是榜眼，已经给他送回国了,0.0
这话说的，湖人就没球迷？,0.0
不是和沃克一对吗,0.5
湖人确实有很多球迷,0.5
这表现都被当年的周琦完爆了。还评论个屁评论 你就是现在的周琦去 也不会15中0。,0.0
小布朗尼,0.5
一个nbl数据不如周琦的球员，有什么好吹的,0.0
他顺位太高了，一般都在低顺位,0.0
这种话真的有人信吗,0.0
第55顺位,0.5
不是跟雷克萨斯一对吗？,0.5
不应该感谢他么？还看笑话,1.0
吹着唠,0.0
萨尔常规赛进攻要转型了，就定位成吃饼蓝领，提高篮下终结手法，目标打成戈贝尔也能拿顶薪,0.5
从来没在一起，但是从一开始就绯闻不断,0.5
怀斯曼：我和他比比,0.0
就他这鸟样，杨瀚森随便打他是正常的,0.0
杨瀚森要是有他这自信就好了,0.5
和普尔组成新致命组合,0.5
"你这不是很久没看，是压根就没看过吧...珍娜不顾老爹戴琳阻止去和部落和谈的时候就""勾搭""上了，虽然我觉得这种脑补挺恶趣味的",0.0
从本质上来说确实没有，包括所谓勇士太阳凯尔特人，自认为是他们的球迷其实本质上来说并不算。你是洛杉矶当地人热爱自己城市的球队为自己城市代言的球队欢呼和支持才是真正的湖人球迷，而我们并非美国人所谓的支持湖人也只是支持喜欢的球星爱屋及乌而已或者说是习惯使然就像姚明退役还有人习惯支持火箭一样。在我看来都算不得真正支持喜欢那个队，不像美国本地人球星来来去去唯有支持的球队才是永恒,1.0
三部曲里，萨尔和吉安娜眉来眼去不是一天两天了。,0.5
杨瀚森不参加这届选秀真的迷,0.5
会跑射手战术，防守卖力，怎么没到预期呢？,0.5
喷啊 ，一视同仁，别双标,0.0
你得感谢湖人状元签“状元”布朗尼帮你吸引了百分之七十火力,0.5
港台翻译“索尔”差不多啦还是乔丹的翻译出戏，香港管迈克尔乔丹叫米高佐敦,0.5
第一张配图啥意思 哪个是萨尔,0.5
本来还挺替老鹰可惜的，直到看了选秀大会。lisa大大方方该哭哭该笑笑，这逼一脸装，然后眼神疯狂躲闪。一看就是外强中干。去老鹰吃吃饼说不定发展还好点,0.0
萨尔夏联比赛都顶不动人，手活极糙….挂一年肉，三年后再看吧,0.0
内线纯天赋     近十年  除了文班 没人比怀斯曼强,1.0
这是状元该有的定位么。。。,0.0
法国内线铁路工人,0.5
不是和萨克雷一对吗,0.5
只能说打出了球员本身的特点，但不是状元该有的定位,1.0
不是沃顿？,0.0
怪不得杨瀚森能打他,0.5
经纪人觉得打pf上限高能拿的钱多啊，就连艾顿蓝领化后都没人愿意给顶薪。这种高位秀有容错，就算他前三年失败了转型蓝领也有人买账,0.5
乔治：放老子照片干嘛？见不得人吗！,0.0
和凯恩才是一对好吧,0.5
听说要求比55顺位低,0.5
洛克塔,0.5
搭档吹杨没难度，普洱更能体现他的价值,0.5
要有礼貌,1.0
因为是粤语音译的,0.5
夏季联赛一般都是落选秀挣合同用的，高位秀都不屑打，就算打也是练练手，发挥不好也不会太离谱，这哥们新秀墙来的有点早,0.5
水货无疑,0.0
不过高顺位那几个只有谢来火箭试训了,0.0
哈哈哈,1.0
今年毕竟是小年，没有多惊艳也正常,1.0
有点搞笑,0.0
这体型没投篮就是废物啊,0.0
粤语翻译不比普通话好吗，话说怎么翻译成乔丹的，音不一样,0.5
铸剑师,0.5
现在已经是地心之战了，萨尔已经是安度因的了,0.5
是拒绝给老鹰实训,0.5
显得布朗尼没这么菜了,0.0
55顺位的穿鞋183防守大师吗？,0.0
兽族先知,0.0
有点水啊,0.0
选他的人，亮瞎了眼，不带这样坑你老板的,0.0
这还不如塔比特呢,0.0
不如太子,0.0
你们都搞错了，这个r不发音，所以才翻译成萨尔,0.5
蓝领吧。。。进攻太差了。。。,0.0
太抽象了，选到他真是倒了血霉,0.0
避免跟雷神重名,0.5
没办法，毕竟小年,0.5
不用等了，这么看肯定是个笑话,0.0
自古榜眼水货多,0.0
是不是打完大表哥之后的事了？快忘完了,0.5
佐敦挺好听的啊 香港一地方也叫佐敦,1.0
随着太子数据正常后，这位该接管流量了,0.5
？那个牧师王子？我操，重口,0.0
啊哈，这是致敬自己的哥哥吗？,0.5
怀斯曼二世,0.0
跟加尔鲁什一对,0.0
人兽混战 想想都刺激,0.5
必须得有,0.0
选秀的时候不是就说他卖的是防守？,0.0
雷暴龙詹姆斯,0.0
怎么看？乐着看,0.0
要是0中，命中率就太好算了,0.0
命中率太低了,0.0
怀字进攻还是没毛病,1.0
发音的 打兽族战役听过无数次了 自己多去听听。还有，知道thrill这个单词不？难道发音是thill？r在th后面 就没有silence的例子。退一万步，就算不发音也是索尔不是萨尔。,0.5
okidoki,0.5
有点科比的意思了,0.0
不是沃西？,0.5
台湾的索罗翻译比萨尔好，为数不多台湾翻译更好的时候,0.5
高配版布朗尼？,0.0
哥们趁现在还来得及赶快打包到郑州富士康报名吧，,0.0
的确是个奇才..我说真的是奇才….,0.0
不是沃尔玛,0.5
老鹰有球迷我能理解，魔术能有球迷我是真不能理解,0.0
幸好没来我老鹰试训,0.0
不如55顺位的布朗尼。。,0.0
这好像是台湾译名，香港翻成乐邦詹士,0.5
这还差点状元 哇哦 哇哦 NBA的球探是吃屎的吗,0.0
这些人宁愿骂骂布朗尼，也不愿骂一下萨尔,0.0
现在看到他这样可太舒服了(￣へ￣),0.0
老鹰选他不就是为了这些？,1.0
萨尔和文班亚马互爆，所以杨瀚森也可以和文班亚马互爆，文班亚马是去年的状元，萨尔是今年的榜眼，所以杨汉森是明年的探花,0.0
火箭太多新人了,1.0
感觉都很仓促 心态可能真的受影响很大,0.5
符合预期,0.0
我记得台译是为了便于观众记忆，所以尽量译成两字或三字接近中国人的名字。,0.5
这一届能选到一个合格首发水平的都不错了,0.5
雄鹿的小孩会是黑马,1.0
布朗尼现在看着真是超值。。。,0.0
以前还有个小牛后卫，什么布博瓦，鲍勃埃各种翻译,0.5
Nba球探要下岗了,0.0
如果老鹰对于状元的预期只是这些的话…,0.0
不如我,0.0
不是和麦迪文是一对吗,0.5
怎么看，萨尔打成这样只能说他是个真正的奇才,0.0
不是哥们？,0.0
然后就：为了联盟,0.0
我最看不懂的就是辛里奇那个 感觉咋拼都别扭,0.0
破产版特伦斯琼斯,0.0
有没有一种可能，别人是用粤语翻译的,0.5
不如55,0.0
不是和古尔丹吗,0.5
不如勇士的聪明榜眼,0.0
别人用的是粤语翻译，别啥都套普通话，了解一下吧,0.5
所有动作都能做出来，最后一下全完，心态不对,0.0
因为人家是法国人 名字念法确实不一样 有些人翻译不了解背景就硬按英文翻译,0.5
我看好13顺位的小后卫，战术素养不错，稳定发育定能全明星，甚至最佳阵,1.0
微光推推都不出  你不四谁四,0.0
未来可期,0.5
进步空间比任何人都大,0.5
是雷霸龍，那是台灣說法，我們叫勒邦占士的,0.5
不是和弗丁一对吗,0.5
布朗当初不就是这么铁，大器晚成罢了，布朗倪,0.0
文质彬彬,0.0
常规赛这样的话，历史最水榜眼,0.0
会不会成为历史最水状元？,0.0
吉安娜？鸡那！,0.0
不是和吼爹嘛,0.0
越试训越暴露问题,0.5
站地里扮稻草人吧，驱鸟不错,0.0
怀斯曼都比他强,0.0
打得挺好的 但是是蓝领 别进攻了没准就能下一个戈贝尔<br>,1.0
比太子差多了,0.0
这艾迪头像，也就詹黑了,0.0
依托,0.0
不是死劳吗，我一直玩的英文版，一直是死劳的发音,0.5
看完榜眼的表现，55号秀是不是也还可以,0.0
老鹰是状元签啊！他说不去老鹰，除非老鹰球球都给他玩，不然他情愿做老二当榜眼，你说这种人状元都不要情愿做榜眼的脑子是不是瓦特了，还能有什么出息！,0.0
小詹姆斯：哈哈挡不住有人吸引火力,0.0
没有啦，戴琳之死是在三战之后，是魔兽争霸时期的剧情，比魔兽世界游戏时间线还早呢,0.5
你要考虑老鹰当时有特雷杨或者魔力两个持球后卫其中之一（已知必出一个），是不大需要另外一个持球大核的，如果选萨尔也是置换年纪大了的内线，拿丽萨谢增加侧翼射手的厚度在现在这个时代总不会出大错,0.5
还能抢篮板，你看看塔比特,1.0
家族昊天锤，打铁的,0.0
确实离谱   感觉像是想去奇才当老大,0.0
我又被代表了？,0.5
我记得炉石里面就是喊萨尔啊,0.5
布朗尼都睡醒两场了,0.0
有才,0.0
大聪明 怀斯曼二世,0.0
萨尔没有下,0.5
诈骗,0.0
这投篮选择，打2k妥妥d评分,0.0
怎么看，笑着看，布朗尼这不刚回暖，希望没有伤病兑现天赋，真兑现不了给点乐子也挺好,0.0
艾顿难道不是因为自己有对抗洁癖才拿不到顶薪？不然以恩比德为模板怎么也能拿个次顶薪不成问题吧,0.5
法国的都很水，除了文班亚马,0.0
他可能是任何球迷，但他肯定不是湖人球迷,0.0
萨尔=怀斯曼,0.0
这怎么感觉比太子还离谱啊,0.0
别的不好说，在国际赛场肯定能防住文班,1.0
萨尔去尼火功能性也完全和小贾重叠啊，尼火正是搏成绩的时候怎么还去拿大毛坯培养？,0.0
该不会是收钱分担小张压力的吧,0.0
这位根怀斯曼比如何,0.0
这也太糙了,0.0
本来就是个璞玉，不要急,1.0
打铁匠,0.0
修电线杆子的,0.0
就这还挑队呢？！,0.0
凯尔特人状元选塔图姆不是更好，为啥要换到榜眼呢,0.0
你太拉了，拉到人家围你救别人了。,0.0
当时nba特刊上叫韩瑞克，我还以为是个中国人哈哈哈,0.5
最差榜眼,0.0
不行叫萨瓦迪卡,0.5
雷神索尔,0.5
可拉倒吧，菜就菜还摆烂，,0.0
图他什么,0.0
他连身板都不够榜眼。,0.0
部落的大酋长,0.0
巴格利：你看不起谁呢？拿我和他比？,0.0
那是吉安娜的对象？,0.5
火箭那个应该不错,1.0
萨尔被别人放大沉默了,0.0
菜鸡年的榜眼秀，这表现应该正常吧,1.0
这个不是在隐藏实力吗？,0.0
能当普洱还不好 大合同有了 新秀三年就夺冠了 真真的人生赢家,0.5
广东大师,0.0
普洱场均20+那个赛季，还是很强的,1.0
比优博伊斯,0.5
碧咸  朗拿度,0.5
亨利克,0.5
看好雄鹿小孩哥,1.0
应该掉到55顺位的,0.0
不如崔永熙,0.0
怎么可能没有,0.0
你懂什么，奇才明年选秀前三稳了。flagg不香吗,0.0
看着铁但是不准啊,0.0
低顺位？这不指明55顺位吗,0.0
多赚了个首轮还省了几百万工资，这就是安吉,1.0
还不如嘉庆爷,0.0
美如画,1.0
值，，，，,1.0
职业法师,0.0
因为76人要富尔茨，湖人榜眼要球哥不会截胡兔子，凯尔特人就用状元换76人探花+首轮，一样选兔子，薪水少了，还多个首轮,0.5
比布朗尼还强。和布朗尼皮克特组三巨头吧,0.0
早期魔兽争霸的翻译是找临时工干的，自然水平不行。只不过后面的wow国服大部分都沿用下来了。,0.5
谢泼德不知道常规赛行不行,0.5
上限太低了,0.0
老鹰球迷得感谢他,0.0
法国高危选秀,0.0
这就上钩了,0.0
新赛季奇才美如画组合？,0.0
这么看杨翰森能当状元,0.0
。。。菜的抠脚，真的是我上我也行。就是打铁被盖帽而已，谁丢不是丢啊,0.0
最近去听了杰哥演唱会，到这个名字，脑子里就是塞尔 塞尔 塞尔 塞尔。。。,0.5
我真的是！一套偶数萨玩到关服！,0.5
快船的普拉姆利,0.0
这个确实，动作还是流畅。,1.0
大本那手不柔和，太硬了，搁篮下命中率都很一般,0.0
部落都是废物！,0.0
55号新秀一样这么烂的时候人人喷，榜眼秀烂成这样没人知道，倒反天罡,0.0
比较看好克内克特,1.0
难道我穿越了，现在是1997年之前？,0.0
比太子还差,0.0
吉安娜早就和玛里苟斯走了,0.5
beer撒。,0.5
萨尔下看来是出不来了,0.0
必水,0.0
标题再加一个（ps此B为内线）,0.5
老铁在哪里玩炉石,0.5
怎么，广东也是97后才是中国的？,0.5
这么说吧，我大学打学院间的联赛，我们学院实力垫底，而我又是垫底队里水平最烂的替补，替补10分钟也拿了5分。,0.5
除了投射，其他选秀卖点体现也是中规中矩,0.0
所以不懂广东方言有什么问题？中国几十，上百种方言，你敢说你全会？,0.5
这不符合概率学,0.5
怀斯曼,0.0
他特别喜欢翻身跳投，各种位置都玩这个，但命中率是真的低。。,0.0
我觉得雄鹿有可能复制13年神操作,1.0
还没觉醒大地之力,0.0
不如我大周琦,0.0
要不为啥叫小索索呢,0.5
先谢布朗尼，吸收了大量关注度和火力,0.0
大地母亲忽悠着你,0.0
你好,0.5
火力凶猛,1.0
伊利丹哈哈哈,0.5
都死在破碎群岛了,0.5
糙的有点当年塔比特的感觉了,0.0
其实这个翻译习惯了 也没问题 初代公牛队长,0.5
不记得央5解说里，胳膊特长的戈伯特了么。。。,0.5
爵士科利尔,0.0
别带上我猎爹,0.5
除了看比赛的地方 哪里都有拜仁球迷,0.5
还有默里，明明穆雷更恰当，现在的人名翻译真无语,0.5
懒龙绷,0.5
种田你就好好种田，来打什么篮球,0.0
再这么打下去，奇才明年选秀前三稳了，可以争个Flagg,0.0
还有布巴荷，读着就奇怪,0.5
塔图姆,0.5
修理篮筐的,0.0
绿军目标就是獭兔，只不过当时选秀前獭兔都还在和科比训练，也有很大意愿去湖人，绿军本来都想放弃的谁知道湖人没选獭兔,0.5
投篮动作都脱节了,0.0
两个谁也别说谁，吉安娜能A也是大憋,0.0
就这还狂呢,0.0
火箭不需要上限一堆乐透打出来就行了,1.0
萨尔培养期比较长，奇才既然选了，多点耐心，若干年后必能成奇才,1.0
防守大闸蟹,1.0
大聪明动作也挺好,1.0
这下真不如布朗尼了。。。奇才后悔不，选了布朗尼还能卖票呢,0.0
跟塔图姆一样 怎么读也读不出“塔图”两个音,0.5
老鹰虽然避开萨尔，但里萨谢目前看，问题也不少，所以，不要去笑话别人，多给新秀们加加油，一起进步,1.0
上限不低，现在看来有组织有三分而且不上头乱打，防守还凑合，现在的三分已经很猛，要是能加强一下防守的话我觉得上限有基德那种水平，或者是个破产版的库里,1.0
就这水平了,0.0
我吉安娜魔晶不香么？,0.5
国王那个卡特？夏联还一场没打呢，虽然我看他大学集锦感觉也确实不错，攻防都有,1.0
这不是一个职业球员能轻易做到的…,0.0
骂55顺位布朗尼的远多于2顺位的萨尔的,0.0
对啊 主要玩2k系列游戏也是这个叫法 叫不明白,0.5
牛逼啊,1.0
比布朗尼还布朗尼,0.0
确实 这名字听起来就港味十足,0.5
台服叫索尔,0.5
是卡雷苟斯，玛里苟斯早就死了……,0.5
萨尔不是法国人么？,0.5
我们说的是魔兽的萨尔..,0.5
德语吧 可能是heinrich的变体 不过他又不是一代 基本读音美国化了,0.5
施更接近th的发音，th跟s可不一样，发这个音要动舌头。罗也比劳稍微更接近。你发all这个单词 难道按是拼音里的ao来发？虽然也不是o吧 但是嘴巴没有ao那么大,0.5
美国人就这毛病,0.0
或许法国人按法语读法？泰尔之类的 不知道啊,0.5
nbl9+4,0.5
我记得一开始的翻译是古伯特 小牛试训法国中锋古伯特,0.5
文班带飞大都会 萨尔...,0.0
原来叫萨尔小斑马，现在只能叫他乞丐版斑马了…..身体素质和斑马比差了很多，没想到完成度也这么低…..只能从防守端开始慢慢成长吧,0.5
哦 我还以为我记错了 榜眼其实叫thrall,0.5
大聪明秒了，还自己运球呢一条龙呢,0.0
要不把去年文班的那个小徐通的称号给萨尔吧,0.0
水货状元会经常被提起，水货榜眼也就被喷一年，他是有自知之明的,0.0
水了,0.0
塔图姆这个我觉得也还ok吧，不然忒特姆也不好听,0.05
球探已经被解雇,0.0
幸亏有55号秀布朗尼给榜眼转移火力,0.0
染个色，还真有点像萨尔,0.5
怎么看？比布朗尼还垃圾,0.0
不像是一个职业球员,0.0
我不是勇士球迷都知道夺冠赛季的普尔都打疯了，这还菜，没他还不一定夺冠呢。,1.0
那不懂也别直接说人家的翻译出戏行不行呢,0.5
这个没有什么问题吗？这不就是音译过来了的吗？,0.5
早期wow的翻译都是nga版主领着众弟兄翻的，突出一个随心所欲，也夹带了不少私货,0.5
那还是和吉安娜适合一点，经常夫唱妇随的,0.5
真的不敢打,0.0
炸裂！,0.0
比年轻国王还菜？,0.0
吉安娜早就黑化了，而且嫁人了,0.5
正确音译“死弱”,0.5
看起来我热的新秀有点香了,0.5
感覺會不會水了,0.0
不像职业球员,1.0
冒充职业球员,1.0
比布朗尼还差，但没热度，没人喷,0.0
大本是96黄金一代的落选秀，刚进联盟在凯尔特人打夏季联赛、后面刚去子弹队可是一开始打得分后卫的，后面改换成撸铁赛道后才开始出名。就好像那几年NBA顶级的三分射手迈克尔里德，大学时被描述外线实力不行，进联盟后自己苦练出来的。,0.5
哈哈哈感谢香港同胞指正,0.5
美国队长辛里奇,0.5
要等他有这实力进了国家队那必须把文班一防一个不吱声,1.0
有些东西翻译就是将错就错了吧，就像福尔摩斯,0.5
可能是练肌肉练过了,0.5
比如塔图姆,0.5
普尔就是心态问题。现在就是瞎打。人家萨尔起码璞玉。还年轻。练个几年还这样才会心态炸。目前来看小伙子挺全面的。,1.0
真没几个中锋做的出来。,1.0
什么鬼，萨尔你凭什么？？（我只玩到80icc就没玩了）,0.5
让我想起本内特了哈哈,0.0
哦对，永恒之眼里被干掉了,0.5
本来就是戈伯特啊，后来怎么叫成戈贝尔了,0.5
都会发挥的，真按着英文来得叫迈考教登,0.5
谢泼德，小斯托克顿,1.0
布朗尼综合症？,0.0
我都怀疑这哥们是不是在火花打过球了,0.0
比较符合现代NBA的打法，有三的潜力，很看好他,1.0
为什么不能？中国就是有一套统一的翻译规范要是各省各一套翻译方式你看出不出戏,0.5
不过，最近他做了手术，不能看他打夏联,0.5
戈伯特是用英文读法读的，但人家是法国人，法语读音出来就是戈贝尔,0.5
布朗尼顺位比吉诺比利高,0.0
那一手策应和一手备孕,0.0
瞎丢，手型都不对了，内线很多都是为了出手不被干扰大概丢一下。,0.0
没等打呢就开始撞新秀墙了,0.0
他的名字后面那个t在法语里不发音,0.5
￡,0.5
肯定发音的 我们玩炉石比完美魔兽的还清楚,0.5
就今年这情况，矮子里拔高个还这么狂，哪来的底气。正常年份估计掉第十去,0.0
我还真没觉得普洱菜，他其实就是体系球员，没了勇士体系打的太挣扎了。,0.5
本来就是糙哥,0.0
比如古烈,0.5
体坛周报原来翻译成海因里克,0.5
你看不懂也请你尊重别人地方文化,0.5
可是当时约什杰克逊确实是除了富儿子和大球之外天赋最好的，而且还是安吉和史帅飞去找的他试训的，只不过被放鸽子了，所以又询问了布朗的意思选择的塔图姆,0.0
投篮姿势有点像乔丹啊,1.0
旁边是谁他就埋冤谁，恰巧乐福在旁边而已,0.0
正解，有的人从出生就没有认识自己错的基因，干不好只会埋怨，怨管理层怨教练怨队友怨裁判怨对手太强，大学生们可能见得少，工作几年的朋友这种人太常见了。,0.0
又有新图,0.5
这个球乐福和JR两个人防对方两个人挡拆，夹击持球人后造成了詹姆斯和对方一对一，对方没有传球，在局部区域就是和詹姆斯的一对一啊 ，你防下来不就得了，没明白有啥埋怨乐福的？谁给我讲讲,0.0
和谁没关系，谁在旁边他摊谁。他的比赛我看的挺多，经常有他在外线被颜射三分后，立马泄气低头朝旁边对着空气摊手。其实任何人被颜射甚至隔扣都很正常，只不过他认为自己是睾特，包袱太大，不容得一点点不堪流露在外界面前。,0.0
查莫斯好像跟裁判说你怎么不吹他T,0.5
乐福好惨,1.0
怎么又有新图？？,0.5
嘿！新版本！,0.5
失败了永远是身边人的错，成功了就是自己的带领之下,0.0
肯定生气啊，怎么能暴露詹姆斯？他都没来得及躲开，这不是拉低詹姆斯防守数据吗？,0.0
什么什么box-out,0.5
总是会出现没见过的新图,0.5
看看我的,0.5
铁汉柔情詹姆斯,0.0
太同意了，办公室有个女坦克就是这样，怪领导没教会，怪同事没提醒，怪工厂做的慢，怪客户要求多，自己主打一个不粘锅，贼能辩解，做好了功劳全是自己的，见不得别人好，茶水间零食她自己连吃带拿。,0.0
？？混也是跟着欧文混的吧,0.0
他年轻时候也这样。骨子里就是这样的,0.0
说实话，现在詹姆斯已经不敢埋怨了，因为他现在防守漏勺已经人尽皆知，以前巅峰期防守端偷懒的习惯还没有被揭穿，而且对高阶还不影响，所以他漏人时候经常埋怨别人,0.0
我儿子练个篮球，这种队友就有两个。好好一个队，快让两个碎嘴给毁了。,0.0
詹：你跟着老子混了个总冠军，骂你两句怎么了,0.0
敢在虎扑发这些东西？,0.0
离谱，乐福从外线跑到内线帮他协防，他被人一个转身就过了,0.0
终于有个正常回答问题的了，还是有懂球的人在的，一个个看到詹姆斯就来劲儿了。小撒都到篮下了老詹还曼险去切球被轻松过个干净，这背锅无疑。乐福防守不好从这个球也是暴露干干净净，一个挡拆之后他竟然有些手足无措，在弱队当老大不干脏活累活来了骑士要从头学起,0.5
说那么多废话干什么 懂球的都知道老张没防守 ,0.0
乐福是机器人？不会去补防？,0.0
跑太快跑太远     没防住算他身上不开心,0.0
一次又一次,0.0
把妻舞剥掉,0.0
小萨往外线转，你让乐福怎么补防？你来补一个试试？,1.0
防守效率值下降了，乐福难道没有责任吗？,0.0
一对一防守了都，詹姆斯号称从一防到五 现在给你展示防守能力的时候到了，你让天天被骂防守提款机的乐福帮你？,0.0
那什么……敢,0.0
这么明显的勒夫防守判断失误，5号位怎么能这样上去包夹持球人呢，这种属于最基本的挡拆战术了，让对面的5号位这么轻易的在油漆区拿球去错位惩罚，然后还要慢悠悠的回油漆区，詹姆斯是属于补防，不能只看到小萨一个简单的转身把球打进。你可以说詹姆斯的补防没防住，但这锅就是勒夫的没毛病啊。我不知道你是想黑詹姆斯还是怎么地，但是既然你说技术讨论了，那就技术讨论一下,1.0
什么人会想和他做队友啊,0.0
詹姆斯:你为什么不协防，让我被打一个。,0.0
查尔莫斯没卡住安东尼,0.5
这球即使是挡拆换防，乐福跟丢人，他对位努力去防下来就好；这也是正常的球场换防对位，暂且不论他自己对位的人呢。其次，他自己这种球多的去了，不反省自己，去抱怨队友，恶心,0.0
别的不说，就人家乐福扩出去包夹强延误之后立马轮转回内线协防的防守意识和积极性，詹詹整个职业生涯都见不到几次,0.0
不要断章取义。这球明显詹姆斯没有对乐福发怒。而是说“你看，他就是在这过的我”,0.5
说那么多干啥,0.5
黑子都不会看完,0.5
遇见坛蜜就拉黑,0.0
跟臭老娘们儿一个心理，“抓紧埋怨别人，就不赖我”,0.0
这是不是叫无能狂怒,0.0
我是唇语专家，他说的是爸爸夹住，爸爸夹住,0.0
有担当,1.0
怎么没有，那不是不认吗,0.0
触发先攻,0.0
詹姆斯是来补防或者说是阻延对方进攻的，直白点说是在给他们擦屁股，乐福应该回来包夹持球者，而不是去补詹姆斯原本防守人,0.5
跟着欧文乐福CP3混的,0.0
等乐福退役看看有没有骚扰发,0.5
错就错在，来了骑士。去勇士多好。,0.5
这个球不是GOAT把球砸向队友。,0.0
这样的人多的是，说难听点普通就是这么觉得。但是到詹姆斯这个级别，还这样的认知就不可思议了。,0.0
提起冠军，没人会想起乐福，他真不如一直在森林里待着。,0.5
今天是第三天，老张是真不能说啊,0.0
我看了好久，以为老詹也干了,0.0
旁边有谁他就埋怨谁而已，乐福只是背锅的,0.0
他知道是自己没防住，就是习惯要甩锅，就是要营造一种我没错是队友没做好的舆论引导，把所有有眼睛的人都当成傻子,0.0
准确的说，我没见过，不知道詹密能不能让我开开眼，防守端精准的判断去大范围的移动,0.0
当队友的想半路补偿他，没认而已,0.0
ID满昏！亮你上去，让他们看看这里有壮士,1.0
xxn么这不,0.0
加技术讨论就是来钓鱼的，你还真上钩了,0.0
这，真没看过，老张真是越分析越墙,0.0
这球讨论过啊在挡拆中，乐福毫无意义的跑到弧顶三分线上去夹击持球人造成自己对位的小萨在三秒区中央空位得球以乐福的球商，这个属于大失误了，被说一下正常,0.0
都已经落位了，对方持球没有超强能力或者手感好，不能随便上去夹击。单防比较有效,0.5
乐福在骑士那段时间抑郁了,0.5
乐福没去前场快攻，詹姆斯准备打球刷助攻的,0.0
因为找到流量密码了吧,0.0
只怪乐福速度不行，小萨转身那一下就应该跳起来盖了。,0.0
动物行为,0.0
老詹怎么能去护筐呢，老詹是等着拿板推快攻的,0.0
底线裁判：乐福，谢谢你啊！你要是没在，我可咋办……,0.0
这张真没见过，2024年了到底还有多少内容没被玩家挖掘出来,0.5
睾特哈哈哈,0.0
又不是老张把球砸向他，要说也是吹对面,0.5
你发这种无厘头的指责要詹密怎么回复，都不知道他们说的什么，就虾鸡8嘲讽，想喷就喷就完事了，自娱自乐嘛。这个抱怨的可能性太多了，随便举个可能的例子，有可能防守战术的安排是挡拆就挤过结果乐福没有按照安排防守，老詹给他指出，这都是经常有的事情。这也要截图出来喷,0.5
乐福都被牛卡住了，咋补,0.5
他们不看比赛的，都是打完了瞄一眼数据,0.0
他们看不懂,0.0
看的出来说的是fxxking out,0.0
如果他旁边身无一人，阁下又将如何应对？,0.0
新！新图？！,0.0
真假羊都时常有新图被发掘出来哈哈哈，只不过效果完全不同,0.0
不喜欢的人，还看的挺多。也不知道是什么心里。,0.0
我来回，这球乐福上去包夹的意义何在？横移那么慢的球员，回防也来不及，詹姆斯去补小萨吃晃被打进不是很正常？小萨也是全明星级别的球员，晃开补防球员打进太正常了。那么问题来了？如果乐福不去包夹，需要詹姆斯去补防吗？明显是战术执行出了分歧，你听到詹姆斯说啥了吗，怎么就敢断定他在指责乐福呢。我知道你会说詹姆斯又在篮下等着抢板，但是看仔细了，右侧底角有个人是被放空的，詹姆斯在那个位置就是为了兼顾底角的同时补防乐福这个漏勺，只是补防没防住罢了，就被你们这群黑子截出一个10秒的片段大肆分析，真的牛逼。,1.0
那就摊手,0.0
我们这里也有个女坦克，平时自私到了极致，宽以律己、严以待人，没人理她她还要去领导那告状说我们孤立她,0.0
那他一定跟乐福摊手说鼓励的话，乐福被感动得愣住了吧,0.0
乐福得抑郁症原来是这原因,0.0
詹黑有进步，居然还需要论据了,0.0
歪日，你别乱放图啊，陷害我啊,0.5
不管错不错，锅先就近甩出去，别就在自己手里,0.0
这不明显安东尼扔的球吗 ,0.5
这球小萨是假挡拆，JR已经及时防到位了，乐福应该跟着小萨防他的顺下，而不是扑外线进行大延误或包夹，老詹应该去照顾他左侧底角的人，但他看小萨被漏人了就只能补防小萨了，老詹应该是喷乐福防守漏人了。,0.5
而且这球是从詹姆斯那边转身打进的，乐福根本够不到,0.5
无话可说,0.5
看不懂球？对方最后是从詹姆斯那边转身的，等于乐福被詹姆斯挡住了。,0.0
总有些玩意拿不是自己专业的水平来评判别人的专业，人家职业都没你明白，不知道其中具体缘由就开始批斗起来了，太典了，直呼典型,0.0
甩锅是习惯,0.0
像极了老张,0.0
怎么还有没见过的图啊，有没懂唇语的吊大JR,0.5
触发了，谁说阿詹不对谁是科库粉,0.0
啊？你注意这句【老詹喷乐福防守漏人了】你猜这俩人谁在防守端以漏人著称,0.0
乐福其实已经追回内线了，詹姆斯只要举起双手站着不失位，就可以双人包夹了。可是詹姆斯竟然想去下手断球。。。,0.0
球场上轮转换位很正常，一对一被人打了各种埋怨队友的仅此一家。看你挺能打字的，来，你给我分析分析这球又是怎么回事，千万别不说话哈。好好分析分析这球的合理性～,0.0
谁管你们怎么想,0.0
你真逗 对面持球强点包夹很正常的防守选择  可能教练也是这样安排的   对面出球迅速果断是对方球员强  高位包夹需要的就是后面轮转的迅速  詹姆斯失位赌博式抢断 关键是被内线球员做技术动作直接过掉 然后还对着乐福摊？  我来举个例子 07年邓肯帕克挡拆 詹姆斯甚至把大z都挡在身后了 然后居然还前补帕克 基本上相当于让帕克传邓肯上空篮   这个防守失误堪比教科书级别  大z为什么不对詹姆斯喋喋不休,0.0
科比直接动手打队友，麻烦你分析一下吧,0.0
请问您的逻辑在哪儿？别人闯红灯所以你闯红灯就是正确的？麻烦先把九年义务教育学完再来问问题吧。,0.0
乐福应该回内线，詹姆斯是一直站在协防位，如果他去堵小萨，底角就是空位三分啊。这个不是很简单都能看到吗？乐福去夹击挺离谱的，对面还不是挡拆，直接顺下从他身边过去了,0.0
啥逻辑啊？我没有讲逻辑啊，我没有发表任何的观点好吗？你在说啥？我只是请求你们评价一下「科比动手打队友」这件事,0.5
这不是我媳妇嘛自己犯错了先说我儿子或者我,0.0
没错,1.0
詹姆斯现在过于抽象，没法客观评价。但是就你发出来的这个视频，乐福的这个防守也挺抽象，一个假挡拆骑士防守体系直接破了。,0.0
因为大z不是国王,0.0
这举报挂机都能扣信誉分了,0.0
真每次来都有新图,0.5
发出来我们看看，不要断章取义的,0.5
这不就祖国人吗,0.0
这是乐福的人，詹姆斯只是协防的，乐福不用回位防守？所以说你看得懂球吗？还准备教詹姆斯打球呢,0.5
这是乐福的人，詹姆斯只是协防的，乐福不用回位防守？所以说你看得懂球吗？还准备教詹姆斯打球呢  ,0.5
没图你说个几把,0.0
兄弟咱这么讲，就算这球天杀的都是乐福的锅，球场上一个队那就是兄弟，说破天同队也没这么抱怨的。你去野球场打球，哪怕你全全全锅，有个队友吼你，保证这群人往后没人跟他玩。更何况这特么根本就不是乐福的锅！另外我确实不会制冷，但我你他任何人都有权评价冰箱的好坏，倒是你这屁股歪到西伯利亚去了。,0.0
自证陷阱,0.5
那就下一回合不参与进攻，让队友四打五。我就站在本方篮下，还可以防对方下快攻,0.0
这不是挡拆嘛，乐福去延误外线了，搞不懂，弱侧lbj只能过来补防，这时候乐福才回位，但是小萨已经把lbj过了，他可能在说这个挡拆为什么漏人的问题,0.5
怎么世界由你作主？你是哪位啊？一边玩去吧,0.0
这就是乌龟活得久的弊端了，总有新图被发掘,0.0
著名詹蜜 查尔莫斯不就说过吗,0.0
当乐子啊，搞笑的谁不爱看,0.0
因为这个人是乐福的，老詹是补防，防不住很正常，找个台阶下也很正常,0.5
我自证什么了,0.5
你也说了可能是这样安排的，那我也可以说可能不是这样安排的，还扯什么07年，真就一个回合说20年呗,0.0
你觉得这球不合理在哪，暮年詹姆斯防巅峰小卡还要每球都防下来是吧,1.0
怎么，不是抱怨就代表一定是鼓励 你打球不沟通，你是哑巴啊？,0.0
他是不是说了八嘎呀路,0.0
詹姆斯:只要退得够远，那就不是我防的,0.0
单防被过个干净还这么能嘴，要是有理不得追着人网暴啊，真是老张让你不再自卑,0.0
小萨是谁的人？不是乐福的人？我来帮你协防一下，不管成不成功都得及时往外扑出去，我都补了一下了，乐福还跟不上，那干脆别防了,0.0
蟹黄：你TM谁啊，要我干这些事,0.0
自己做不到的事当然得要求队友做好？这难道不是常务副山羊应该做的么,0.0
埋汰别人为了摘清自己，你错了我就没错,0.0
就近原则,0.0
正解。裁判站旁边都得喷裁判,0.0
小萨假挡啊，jr没失位，乐福错误判断去夹击。如果战术确实要夹击，詹姆斯换小萨，克劳德换底脚，乐福应该换侧翼，他却跑回小萨这里，詹姆斯也是看到乐福夹击才换位置本来跟着要去底脚。不过说一万，换都换了，防住不就完了么，一个转身人没了冤换防,0.5
伟大无需多言,0.0
这个挡拆勒夫不去包夹 对面后卫借挡拆投篮肯定不中 我詹板都卡好了 抢到板一条龙直接推过去轻松两分打进 这勒夫便要上去包夹导致对方后卫无法出手 结果传给萨博尼斯还要我詹防一个错位 不骂你骂谁,0.5
这活还是让布朗尼来吧！正常人只会说老詹的问题,0.0
真心佩服，回看了多少老詹的比赛了？比我们詹密可强太多了,0.0
我已经-10了，你等着,0.0
我已经-10，你等着,0.0
被对手侮辱完，再被队友喷,0.0
说到底，老詹就是一个巨婴，没有承担责任的勇气,0.0
就是有人什么问题都是别人的，养成了下意识反应。我平时踢球，也遇到过不少这样的人。我记忆很深刻是有一次，我是球队门将，本队人不够，群里喊了几个人，一个中后卫，自己在禁区内拿球不处理，犹犹豫豫被断球，别人近距离推了个角度轻轻松松进球，然后他第一反应不是举手抱歉，而且对我脱口而出，这球你要出来一点封角度......我封你大爷家的房门我封,0.0
换邓肯，，他自己就举手，，我的我的了。。,1.0
害，现在这小球迷这么离谱吗？这都不知道？,0.0
先手优势,0.0
漏锤子 明明是詹姆斯主动上去防 乐福才走开去补防了 没防住还怪队友,0.0
就球论球，这个球是詹姆斯和乐福一起的锅，五五开，谁也别说谁。不知道教练防守安排是什么，但是，乐福上提只是假阻挡，对方下沉后，詹姆斯应该在对方有下沉意图时，上提，一是阻挡对方中锋接球，二是进入防守位置，结果他走神了，乐福假防守完后，是跑去底角，还是和詹姆斯包夹中锋，不知道教练安排，不敢说对错。但是视频里，乐福想跑去底角防守三分的。我个人觉得他应该去包夹的，因为侧翼的那个人实际已经留意底角三分了，补位应该来的急。,0.5
一起的锅他为啥用那么夸张的肢体动作埋怨乐福？,0.0
没的说又躺地上了？,0.0
那批判他的人可太多了，你光荣啥呢？,0.0
乐福命苦，碰到个小仙女,0.0
这个球真是乐福要背锅也没毛病，他应该过来包夹的，内线就小萨一个人。。看乐福的走位他好像是打算去防3分线外那个，可3分线有人了啊。,0.5
bro you gonna take that -10,0.0
再说了，就球论球哈。人这东西忒复杂，我就不参与讨论了。近期没太多时间。哈哈,0.5
跟我一个同学好像，自己的防守人一步过了，我从内线出来补防没防住，还要被他质问你防的谁,0.0
越研究越尴尬,0.0
真他妈的恶心,0.0
稍微动动脑子吧。,0.0
你们说的都对，我赞成，给你点个赞,0.0
你啥时候见过皇帝做脏活累活的？能不生气嘛，而且最重要这球进攻球员离他最近打进了会影响他防守数据啊,0.0
对裁判摊手也不是不行。,0.0
